{"cameraMode":{"drawMode":0,"name":"Shaded","section":"Shading Mode"},"sceneLighting":false,"audioPlay":false,"sceneViewState":{"showFog":true,"showMaterialUpdate":false,"showSkybox":false,"showFlares":true,"showImageEffects":true,"showParticleSystems":true},"in2DMode":false,"pivot":{"x":0.0,"y":0.10000000894069672,"z":-0.07999998331069946},"rotation":{"x":-0.12658673524856568,"y":0.8704195618629456,"z":-0.295526385307312,"w":-0.37283873558044436},"size":0.8660253882408142,"orthographic":false}