{"cameraMode":{"drawMode":0,"name":"Shaded","section":"Shading Mode"},"sceneLighting":false,"audioPlay":false,"sceneViewState":{"showFog":true,"showMaterialUpdate":false,"showSkybox":false,"showFlares":true,"showImageEffects":true,"showParticleSystems":true},"in2DMode":false,"pivot":{"x":-0.00042638182640075684,"y":0.6413851976394653,"z":0.12822413444519044},"rotation":{"x":-0.12658673524856568,"y":0.8704195618629456,"z":-0.295526385307312,"w":-0.37283873558044436},"size":0.9494727253913879,"orthographic":false}