{"cameraMode":{"drawMode":0,"name":"Shaded","section":"Shading Mode"},"sceneLighting":false,"audioPlay":false,"sceneViewState":{"showFog":true,"showMaterialUpdate":false,"showSkybox":false,"showFlares":true,"showImageEffects":true,"showParticleSystems":true},"in2DMode":false,"pivot":{"x":0.0,"y":1.2095000743865967,"z":0.39999961853027346},"rotation":{"x":-0.12658673524856568,"y":0.8704195618629456,"z":-0.295526385307312,"w":-0.37283873558044436},"size":18.320249557495118,"orthographic":false}